{"chessSize": [6, 6], "matrix": [[800.1028981698436, 0.0, 435.35356544327664], [0.0, 793.9310857940897, 234.16714941156206], [0.0, 0.0, 1.0]], "distMatrix": [[-0.17768042848231677, 3.419687953947341, -0.0018560261991665543, 0.009485268436595045, -16.53455766894138]], "newCameraMtx": [[569.81884765625, 0.0, 310.0509600081714], [0.0, 785.5364990234375, 238.3040163343503], [0.0, 0.0, 1.0]], "roi": [0, 8, 570, 711], "imagesAmountPreparation": 3}