{"chessSize": [7, 9], "matrix": [[572.1811724703803, 0.0, 200.73836127114632], [0.0, 673.4654683061652, 243.0666859593708], [0.0, 0.0, 1.0]], "distMatrix": [[0.5114283659871655, -1.288061882158931, 0.008027412423112138, -0.11575780888757813, 1.0624641388241438]], "newCameraMtx": [[609.037353515625, 0.0, 186.73709913899802], [0.0, 638.8700561523438, 256.24968139777593], [0.0, 0.0, 1.0]], "roi": [20, 114, 519, 316], "imagesAmountPreparation": 9}