{"chessSize": [6, 6], "matrix": [[685.9708807135731, 0.0, 332.1648139804329], [0.0, 688.7669264936428, 224.48529713155847], [0.0, 0.0, 1.0]], "distMatrix": [[0.17472425444952577, -1.3509674809561059, -0.0022719082945311794, 0.0008304318153674906, 2.63708113842302]], "newCameraMtx": [[706.1902465820312, 0.0, 342.44875943822444], [0.0, 691.6044921875, 224.58392901683692], [0.0, 0.0, 1.0]], "roi": [36, 26, 576, 423], "imagesAmountPreparation": 3}