{"chessSize": [6, 6], "matrix": [[947.704719349379, 0.0, 405.9519677963839], [0.0, 1100.3217852395244, 306.0966775150368], [0.0, 0.0, 1.0]], "distMatrix": [[-0.1455759248209154, 4.113061526985997, -0.0026090221923636063, 0.01380290481064935, -31.99311882022757]], "newCameraMtx": [[705.6290283203125, 0.0, 302.2581721534334], [0.0, 860.1478271484375, 358.91440060738387], [0.0, 0.0, 1.0]], "roi": [0, 120, 596, 562], "imagesAmountPreparation": 3}